1,LUCIA,BURCH,BRA,Female
2,ASHLEY,WAGONER,BRA,Male
3,FORREST,WILEY,USA,Male
4,DEAN,CANNON,BRA,Male
5,LESLIE,PAGE,BRA,Male
6,FANNIE,CRONAUER,BRA,Female
7,LENORE,PEREZ,BRA,Female
8,MIKE,LARA,BRA,Male
9,HECTOR,MONTOYA,BRA,Male
10,EZRA,FARROW,BRA,Male
11,DELBERT,SANTOS,MEX,Male
12,GUADALUPE,TUCKER,MEX,Male
13,ARMAND,BURKS,BRA,Male
14,LISA,CHASTAIN,VEN,Female
15,ANGEL,PRINCE,BRA,Female
16,GARTH,MARRERO,USA,Male
17,ERIK,GOODWIN,BRA,Male
18,DARRIN,CHAN,BRA,Male
19,ROSINA,KEATING,BRA,Female
20,SERENA,VELASQUEZ,BRA,Female
21,OMAR,ESCHBERGER,BRA,Male
22,ISAIAS,XIONG,BRA,Male
23,CHAROLETTE,CORRIO,BRA,Female
24,LOREN,MASON,BRA,Male
25,DAVINA,SHARPE,BRA,Female
26,EMANUEL,LITTLEFIELD,BRA,Male
27,ADAM,LOWERY,BRA,Male
28,SUNG,MCLAUGHLIN,VEN,Male
29,TIKHON,PUGH,CHI,Male
30,ROSIE,ARAGON,BRA,Female
31,ESTELA,HENDRIX,BRA,Female
32,ELTON,PRINCE,ARG,Male
33,JOSIE,SELLERS,CHI,Female
34,HERSCHEL,NUNLEE,MEX,Male
35,MITCHELL,BREWSTER,BRA,Male
36,EMILE,SCHAFER,PAR,Male
37,LAURA,YBARRA,BRA,Female
38,LORRAINE,PATTEN,BRA,Female
39,TAMIKA,LARA,BRA,Female
40,MADISON,DREW,PAR,Female
41,DOMINIC,VILLEGAS,USA,Male
42,MINH,MAI,BRA,Male
43,JASPER,LAIRD,BRA,Male
44,CESAR,CRANDALL,CHI,Male
45,YESENIA,SKAGGS,BRA,Female
46,MARYJANE,ONEAL,BRA,Female
47,IRA,HAROLDSON,BRA,Female
48,JORGE,DRESCHER,BRA,Male
49,JIMMIE,HAHN,ARG,Female
50,KATHERINE,DUFF,MEX,Female
51,JAE,SHEPARD,CHI,Male
52,KENNA,BOND,BRA,Female
53,DEAN,SAWCHUK,BRA,Male
54,ASIA,GIFFORD,USA,Female
55,CASSIDY,RAMINEZ,MEX,Female
56,JACOB,CALDERON,BRA,Male
57,SHAINA,SPENCE,BRA,Female
58,GEORGE,ALONSO,BRA,Male
59,ALEXANDER,MOLINA,BRA,Male
60,ELSA,CURRY,BRA,Female
61,DUNCAN,KENYON,BRA,Male
62,SUE,FELDER,BRA,Female
63,CECILE,ROWLAND,BRA,Female
64,JARVIS,CAMPOS,ARG,Male
65,SERGIO,GRIMES,BRA,Male
66,HIRAM,RODENBERGER,USA,Male
67,PHILIP,MILES,ARG,Male
68,SAM,TORRES,BRA,Male
69,TESSA,THOMAS,VEN,Female
70,MARTHA,LE,ARG,Female
71,GWEN,PAGAN,PAR,Female
72,ADELIA,HUTCHISON,BRA,Female
73,BENNIE,CASTLE,BRA,Male
74,LON,LAMB,BRA,Male
75,CLAUDE,WOLFF,BRA,Male
76,GERALD,LIMMEL,BRA,Male
77,ESMERALDA,LUNSFORD,BRA,Female
78,SALVADOR,JOHNS,USA,Male
79,NEWTON,KEARNS,BRA,Male
80,CONCEPCION,SHULER,BRA,Female
81,CESAR,GRANGER,MEX,Male
82,CHRISSY,REID,BRA,Female
83,SUZIE,PRESCOTT,BRA,Female
84,JOSEPHINE,HUNN,USA,Female
85,GOLDA,SINGLETARY,BRA,Female
86,TOBY,RAINEY,BRA,Male
87,CLAYTON,PASKIN,BRA,Male
88,ARIEL,DELEON,PAR,Male
89,MILDRED,BITSUIE,BRA,Female
90,JOSE,WALL,BRA,Male
91,HALEY,ALBRECHT,PAR,Female
92,REBECA,ALFORD,BRA,Female
93,FORREST,WATERMAN,VEN,Male
94,TRISTAN,GABRIEL,VEN,Male
95,LESLIE,PLUMER,MEX,Male
96,HOWARD,REEVES,BRA,Male
97,ISABELLA,HADSELL,BRA,Female
98,IAN,GALLARDO,BRA,Male
99,CHANG,THOMAS,BRA,Male
100,TESSIE,JOYCE,BRA,Female
101,KARLA,WELSH,BRA,Female
102,VALERIA,LUKASIK,BRA,Female
103,JASMIN,GUZMAN,BRA,Female
104,KAYLA,GRIFFIN,BRA,Female
105,AUDRY,PEREZ,BRA,Female
106,RODGER,PARIS,ARG,Male
107,LEONARD,AVERY,BRA,Male
108,YOUNG,SWIFT,BRA,Male
109,JOELLE,HATHAWAY,CHI,Female
110,LASHANDA,OWEN,BRA,Female
111,ROSALINE,SHAVER,BRA,Female
112,STACY,SELLERS,BRA,Female
113,MARLA,MEJIA,BRA,Female
114,BENJAMIN,DOTSON,BRA,Male
115,EVAN,JEWELL,BRA,Male
116,MARKUS,METZ,BRA,Male
117,JANELL,SPANGLER,PAR,Female
118,GEOFFREY,CHAPMAN,BRA,Male
119,LINCOLN,CHAMPAGNE,VEN,Male
120,WILLIAM,BARTH,BRA,Female
121,PHIL,MCCAIN,BRA,Male
122,REYES,SAWYER,BRA,Male
123,NOLAN,CONNELLY,BRA,Male
124,OTIS,ESPOSITO,BRA,Male
125,TANISHA,LIM,USA,Female
126,DOUG,KEITH,BRA,Male
127,OREN,NUGENT,BRA,Male
128,ROBIN,LEYVA,BRA,Male
129,DONALD,BRYSON,USA,Male
130,EDIE,WALTERS,BRA,Female
131,HUI,LADD,BRA,Female
132,VERONICA,ENNIS,BRA,Female
133,KRISTAN,JACQUES,BRA,Female
134,GREIG,BYRNE,PAR,Male
135,MARION,CASON,BRA,Male
136,MIKEL,MONTERRUBIO,VEN,Male
137,CARLTON,CHAMPION,BRA,Male
138,OPAL,LEWIS,MEX,Female
139,MARYLOU,MIXON,BRA,Female
140,DELILAH,LANCASTER,BRA,Female
141,HUGO,AIKEN,PAR,Male
142,MORTON,MELVIN,CHI,Male
143,LANCE,LAYOUS,BRA,Male
144,PETER,HAMPTON,BRA,Male
145,MAYSUN,CROCKER,BRA,Female
146,VICENTA,HORN,BRA,Female
147,PAULINE,LANDERS,CHI,Female
148,WARNER,HAUENSTEIN,MEX,Male
149,CORAZON,OGDEN,BRA,Female
150,THEODORE,KING,BRA,Male
151,BRAIN,BURROWS,ARG,Male
152,LOUISE,MACIAS,VEN,Female
153,ERNESTINE,QUARLES,BRA,Female
154,KEITH,TEMPLE,BRA,Male
155,DUANE,KALAFATIS,VEN,Male
156,HELENE,MALDONADO,VEN,Female
157,JACLYN,RING,BRA,Female
158,LEROY,MCMILLAN,BRA,Male
159,ANDREAS,BEATY,USA,Male
160,GARRY,FOLEY,BRA,Male
161,JO,LIETZ,BRA,Female
162,SANTO,BOYKIN,BRA,Male
163,JEFFERSON,GLOVER,BRA,Male
164,ALETA,BURNS,BRA,Female
165,LEANN,LONG,CHI,Female
166,ROSA,LOPES,BRA,Female
167,REBEKAH,WILLIAM,VEN,Female
168,JUDIE,QUINTANA,BRA,Female
169,CARON,HODGES,BRA,Female
170,JORGE,ZAPATA,BRA,Male
171,ANGUS,HARRISON,PAR,Male
172,MILDRED,ROJAS,BRA,Female
173,YOSHIKO,RIVERS,BRA,Female
174,KENNA,CERVANTES,USA,Female
175,KATIE,MCNEAL,USA,Female
176,HARRIETT,PRITCHETT,BRA,Female
177,NEIL,WHALEN,BRA,Male
178,KELLY,DRESCHER,ARG,Male
179,REED,BOYER,BRA,Male
180,MASON,VICKERS,BRA,Male
181,ALLISON,DALY,BRA,Female
182,DELMAR,HENSLEY,BRA,Male
183,MICHEAL,BEAL,BRA,Male
184,HOLLI,GIFFORD,BRA,Female
185,JORDAN,ROARK,BRA,Male
186,RUBY,WILSON,BRA,Female
187,AIMEE,THURSTON,BRA,Female
188,ALAN,ALONSO,BRA,Male
189,ELLIS,ROCKWELL,CHI,Male
190,STEVIE,VOSS,USA,Male
191,RICKIE,HERRINGTON,BRA,Male
192,BILLIE,CHEEK,PAR,Female
193,YASMIN,BLANK,BRA,Female
194,LATANYA,HEBERT,MEX,Female
195,MAGDALENE,OVERSTREET,ARG,Female
196,ALEXANDRIA,BILDEN,BRA,Female
197,ANDRES,PONTORIERO,BRA,Male
198,CURTIS,CALVERT,USA,Male
199,CHARLETTE,ALBARES,BRA,Female
200,JAMIE,LE,CHI,Male
201,MARIBETH,HOLDEN,VEN,Female
202,BRENDAN,PONDER,BRA,Male
203,MATTIE,JULIA,ARG,Female
204,TRUDY,GILL,ARG,Female
205,BUSHR,FERENCZ,BRA,Male
206,CORA,GOODSON,BRA,Female
207,RHODA,MCFADDEN,BRA,Female
208,AGUSTIN,WINTERS,BRA,Male
209,DORTHY,MCCALL,CHI,Female
210,DAREN,MCNEASE,ARG,Male
211,RAFAEL,HAMMOND,BRA,Male
212,CARLOS,OAKES,BRA,Male
213,ROBERT,FREEMAN,BRA,Female
214,VALERIE,BERNIER,BRA,Female
215,CRISTAL,BRADSHAW,MEX,Female
216,GEORGE,COLBERT,BRA,Male
217,EDMUND,SIMON,BRA,Male
218,TYREE,KONOPACKI,VEN,Male
219,JARROD,NICHOLS,BRA,Male
220,PABLO,OUELLETTE,BRA,Male
221,CHRISTEL,ELLISON,BRA,Female
222,LATRICE,TRAVIS,BRA,Female
223,STANLEY,ALBRIGHT,VEN,Male
224,MARCELO,GRUBBS,BRA,Male
225,RAYMOND,LANE,BRA,Male
226,SALVADOR,MARNEY,BRA,Male
227,DEE,PRATHER,BRA,Female
228,SETH,TANG,BRA,Male
229,MYRNA,SHIPP,USA,Female
230,BENJAMIN,CLINE,PAR,Male
231,EVAN,PEASE,BRA,Male
232,BERTRAM,BUZICK,BRA,Male
233,LAWERENCE,CLONEY,BRA,Male
234,HANNAH,PHILLIPS,PAR,Female
235,KARINA,GAMA,USA,Female
236,MARIANNA,ALMEIDA,BRA,Female
237,LOYD,MCFADDEN,BRA,Male
238,ALDEN,ROWLEY,ARG,Male
239,OLIVER,GENTRY,BRA,Male
240,JONAS,LOGAN,USA,Male
241,NANCY,FLOWERS,USA,Female
242,DEWAYNE,BRIDEAU,BRA,Male
243,BAHIR,FREEMAN,ARG,Male
244,UNA,DECKER,BRA,Female
245,DIXIE,BARTLETT,BRA,Female
246,ROWENA,SUAREZ,BRA,Female
247,FORREST,GOODE,BRA,Male
248,SANTIAGO,CHAPMAN,BRA,Male
249,MILLICENT,NICHOLS,BRA,Female
250,CLARK,ENSEY,BRA,Male
251,FRANK,TRUJILLO,BRA,Male
252,MARUF,AMES,BRA,Male
253,SUNNY,ALBRIGHT,PAR,Female
254,THAD,BAXTER,MEX,Male
255,EDMUND,NADEAU,ARG,Male
256,SHAWN,BELLAMY,VEN,Female
257,NIALL,RANSOM,USA,Male
258,LUCILA,HARRIS,BRA,Female
259,AUDRY,SHIPP,PAR,Female
260,CELINA,KANG,ARG,Female
261,JOY,THACKER,BRA,Female
262,TIMMY,BALL,BRA,Male
263,REFUGIO,HUYNH,VEN,Male
264,KERRIE,RAGSDALE,CHI,Female
265,WINNIE,BRANNON,BRA,Female
266,TINA,BARRY,BRA,Female
267,MYRNA,UNGER,BRA,Female
268,DEANNE,LARA,CHI,Female
269,VERNON,LACE,BRA,Male
270,CURT,VALLE,BRA,Male
271,FANNY,KOLMETZ,ARG,Female
272,TERRENCE,STEVENS,VEN,Male
273,NIKKI,DURBIN,BRA,Female
274,ALPHONSE,SIZEMORE,BRA,Male
275,OWEN,DALLEN,BRA,Male
276,BONITA,SCHWARTZ,BRA,Female
277,WILLIAMS,UYETAKE,BRA,Male
278,KENDRA,DRIVER,VEN,Female
279,HAILEY,DALE,BRA,Female
280,JACOB,HURST,BRA,Male
281,MARTY,PACE,BRA,Female
282,BARNEY,BRELAND,BRA,Male
283,TREVOR,FLOYD,PAR,Male
284,SUSIE,FOX,BRA,Female
285,SEBASTIAN,WOOTEN,BRA,Male
286,CHRISTINA,CROFT,VEN,Female
287,MARTA,WEEKS,BRA,Female
288,MOHAMMAD,HOLLINGSWORTH,PAR,Male
289,MARION,KLEIN,BRA,Male
290,ROYCE,SARBACHER,BRA,Male
291,CARLTON,BRYSON,BRA,Male
292,FELTON,MARION,BRA,Male
293,NEVA,KRUSE,BRA,Female
294,ALICIA,MCKAY,BRA,Female
295,IRIS,LILLY,BRA,Female
296,DARCIE,HASKINS,BRA,Female
297,DANE,KEEN,BRA,Male
298,DOMINGO,SEIBERT,USA,Male
299,LILIA,CHAMPION,BRA,Female
300,ANTONIO,STEARNS,BRA,Male
301,JANINE,MIXON,BRA,Female
302,THERON,NEELY,PAR,Male
303,LORENZO,SCHELL,MEX,Male
304,GERARD,HERRITT,CHI,Male
305,STERLING,LAYOUS,BRA,Male
306,DELIA,TOBIN,BRA,Female
307,JAMES,BUTT,PAR,Female
308,ALBERT,SLADE,BRA,Male
309,JAIME,KEATING,BRA,Male
310,MITCHELL,IRVIN,BRA,Male
311,STEVE,ESCHBERGER,VEN,Male
312,CHAS,MUNNS,BRA,Male
313,RUFINA,FIGEROA,BRA,Female
314,CHARLOTTE,LUDWIG,ARG,Female
315,JOSIE,TYSON,BRA,Female
316,GENA,LIVINGSTON,BRA,Female
317,RICKEY,LOWERY,BRA,Male
318,ARIELLE,LAPAGE,ARG,Female
319,BERTHA,SWANSON,USA,Female
320,ARMANDO,BARBOSA,BRA,Male
321,TAMIKA,HENDRIX,BRA,Female
